insert into genre(title, description)
    values
        ('Деловая литература', 'Жанр, который предназначен для того, чтобы научить людей управлять собственным бизнесом.'),
        ('Детектив', 'Есть несколько отличительных черт детективного жанра. Время в детективах – инверсивное. Причины событий восстанавливаются по последствиям. Сначала есть результат преступления, потом идет механизм раскрытия, а в конце воссоздается картина преступления. Убийство всегда является завязкой. Убийство всегда ранее обдуманное. Очень редко оно бывает случайным. В произведение есть загадка, которая соответствует всем требованиям: единственность, решение и его сложность, элегантность и парадоксальность.'),
        ('Программирование', 'Книги о программировании.'),
        ('Роман', 'Жанр эпоса. Его особенностью является большой объем произведения, разветвленный сюжет, широкая тематика и проблематика, большое количество персонажей, сложность композиции, наличие нескольких конфликтов.'),
        ('Рассказ', 'Жанр эпоса. Отличительной особенностью является небольшой объем произведения, в основе сюжета, как правило, повествование об одном случае, ограниченное число персонажей.'),
        ('Новелла', 'Жанр эпоса, появившийся в эпоху Возрождения. Признанными мастерами этого жанра являются О. Генри, Э. Хемингуэй. В русской литературе подобные произведения называют рассказами.'),
        ('Пьеса', 'Так в театре можно назвать любое драматическое произведение. Например, пьесой являются и “Ромео и Джульетта” Шекспира, и “Горе от ума” Грибоедова.'),
        ('Повесть', 'Рассказ об одной человеческой судьбе.'),
        ('Комедия', 'Драматический жанр, в основе которого лежит комический конфликт. К комедиям относятся такие произведения, в которых события складываются таким образом, что не могут не вызывать смех у читателя.'),
        ('Трагедия', 'Драматический жанр, основанный на драматическом конфликте, то есть конфликте неразрешимом, приводящем чаще всего к гибели героя.'),
        ('Драма', 'Драматургический жанр, который характеризуется остротой конфликта, который имеет то или иное разрешение.'),
        ('Сонет', 'Жанр лирики. Стихотворение, которое состоит из 14 стихов, рифмующихся особенным образом.');

insert into book(isbn, title, year_published, page_nums, image_url, description)
    values
        ('9785271393785', 'Стив Джобс', 2012, 840, 'https://stevejobsthebio.files.wordpress.com/2011/10/jobs-cover4.jpg', 'Впервые написанная и единственная «официальная» биография, созданная при стопроцентном участии самого Стива Джобса. Книга стала одним из главных бестселлеров наших лет. История выдающегося человека была написана приблизительно за три года на основании диалогов с родственниками и соседями, бесед с друзьями и врагами, интервью с коллегами и конкурентами.'),
        ('9785699886326', 'Убийство в «Восточном экспрессе»', 2015, 256, 'https://cv3.litres.ru/pub/c/elektronnaya-kniga/cover/18922333-agata-kristi-ubiystvo-v-vostochnom-ekspresse-18922333.jpg_330.jpg', '«Убийство в „Восточном экспрессе“» — детективный роман английской писательницы Агаты Кристи, написанный в 1933 году в Ираке, где она находилась в археологической экспедиции со своим вторым мужем Максом Маллованом.'),
        ('9785699802036', 'Девушка с татуировкой дракона', 2020, 650, 'https://img-gorod.ru/24/865/2486559_detail.jpg', 'Сорок лет загадка исчезновения юной родственницы не дает покоя стареющему промышленному магнату, и вот он предпринимает последнюю в своей жизни попытку – поручает розыск журналисту Микаэлю Блумквисту. '),
        ('9785496029315', 'Пользовательские истории. Искусство гибкой разработки ПО', 2015, 288, '', 'Пользовательские истории – это метод описания требований к разрабатываемому продукту. В книге рассказано, как правильно использовать данную технику, чтобы сфокусироваться на поставленной задаче и пожеланиях клиента, а не распыляться на реализации второстепенных функций.'),
        ('9785446111435', 'GraphQL. Язык запросов для современных веб-приложений', 2019, 240, 'https://cv1.litres.ru/pub/c/bumajnaya-kniga/cover_max1500/42242318-a-benks-piter-graphql-yazyk-zaprosov-dlya-sovremennyh-veb-prilozheniy-42242318.jpg', 'GraphQL – это язык запросов, альтернативный REST и ситуативным архитектурам веб-сервисов, самая революционная технология извлечения данных со времен Ajax. ');

insert into author(name, description)
    values
        ('Стиг Ларссон', 'Шведский журналист, писатель, правозащитник. Литературную славу ему принесла трилогия Millennium, изданная посмертно.'),
        ('Уолтер Айзексон', 'Американский журналист, писатель и биограф; автор популярных биографий Стива Джобса, Генри Киссинджера, Бенджамина Франклина, Альберта Эйнштейна и Леонардо да Винчи. Президент Аспенского института. Бывший директор телекомпании CNN и главный редактор журнала Time'),
        ('Агата Кристи', 'Дама Ага́та Мэ́ри Клари́сса, ле́ди Ма́ллоуэн, более известная по фамилии первого мужа как Ага́та Кри́сти — английская писательница и драматург. Относится к числу самых известных в мире авторов детективной прозы.'),
        ('Джефф Паттон', ''),
        ('Ева Порселло', ''),
        ('Алекс Бэнкс', '');

insert into book_genres(book_isbn, genre_id)
    values
    ('9785271393785', 1),
    ('9785699886326', 2),
    ('9785699802036', 2),
    ('9785496029315', 3),
    ('9785446111435', 3);

insert into authors(isbn, author)
    values
        ('9785271393785', 2),
        ('9785496029315', 5),
        ('9785496029315', 6),
        ('9785699886326', 1),
        ('9785699802036', 3),
        ('9785446111435', 4);

